F0avg,F0std,F0max,F0min,F0skew,F0kurt,F0tiltavg,F0mseavg,F0tiltstd,F0msestd,F0tiltmax,F0msemax,F0tiltmin,F0msemin,F0tiltskw,F0mseskw,F0tiltku,F0mseku,1F0mean,1F0std,1F0max,1F0min,1F0skw,1F0ku,lastF0avg,lastF0std,lastF0max,lastF0min,lastF0skw,lastF0ku,avgEvoiced,stdEvoiced,skwEvoiced,kurtosisEvoiced,avgtiltEvoiced,stdtiltEvoiced,skwtiltEvoiced,kurtosistiltEvoiced,avgmseEvoiced,stdmseEvoiced,skwmseEvoiced,kurtosismseEvoiced,avg1Evoiced,std1Evoiced,max1Evoiced,min1Evoiced,skw1Evoiced,kurtosis1Evoiced,avglastEvoiced,stdlastEvoiced,maxlastEvoiced,minlastEvoiced,skwlastEvoiced,kurtosislastEvoiced,avgEunvoiced,stdEunvoiced,skwEunvoiced,kurtosisEunvoiced,avgtiltEunvoiced,stdtiltEunvoiced,skwtiltEunvoiced,kurtosistiltEunvoiced,avgmseEunvoiced,stdmseEunvoiced,skwmseEunvoiced,kurtosismseEunvoiced,avg1Eunvoiced,std1Eunvoiced,max1Eunvoiced,min1Eunvoiced,skw1Eunvoiced,kurtosis1Eunvoiced,avglastEunvoiced,stdlastEunvoiced,maxlastEunvoiced,minlastEunvoiced,skwlastEunvoiced,kurtosislastEunvoiced,Vrate,avgdurvoiced,stddurvoiced,skwdurvoiced,kurtosisdurvoiced,maxdurvoiced,mindurvoiced,avgdurunvoiced,stddurunvoiced,skwdurunvoiced,kurtosisdurunvoiced,maxdurunvoiced,mindurunvoiced,avgdurpause,stddurpause,skwdurpause,kurtosisdurpause,maxdurpause,mindurpause,PVU,PU,UVU,VVU,VP,UP,id
254.05787658691406,43.20219421386719,334.06610107421875,194.95542907714844,0.7697488465026375,-0.8500611627767816,-11.45567719295281,1809.5805749203898,0.0,0.0,-11.45567719295281,1809.5805749203898,-11.45567719295281,1809.5805749203898,,,,,254.05787658691406,43.20219421386719,334.06610107421875,194.95542907714844,0.7697488465026375,-0.8500611627767816,254.05787658691406,43.20219421386719,334.06610107421875,194.95542907714844,0.7697488465026375,-0.8500611627767816,0.0,0.0,0.0,0.0,0.0,0.0,0.0,0.0,0.0,0.0,0.0,0.0,0.0,0.0,0.0,0.0,0.0,0.0,0.0,0.0,0.0,0.0,0.0,0.0,0.0,0.0,0.0,0.0,0.0,0.0,0.0,0.0,0.0,0.0,0.0,0.0,0.0,0.0,0.0,0.0,0.0,0.0,0.0,0.0,0.0,0.0,0.0,0.0,0.0,0.0,0.0,0.0,0.0,0.0,0.0,0.0,0.0,0.0,0.0,0.0,0.0,0.0,0.0,0.0,0.0,0.0,0.0,0.0,0.0,0.0,0.0,0.0,0.0,AVPEPUDEAC0001_e.wav
114.65718078613281,16.317155838012695,142.83135986328125,81.59491729736328,0.5525714876432329,-1.3597371810918248,3.6127276898209546,261.0332117080554,0.0,0.0,3.6127276898209546,261.0332117080554,3.6127276898209546,261.0332117080554,,,,,114.65718078613281,16.317155838012695,142.83135986328125,81.59491729736328,0.5525714876432329,-1.3597371810918248,114.65718078613281,16.317155838012695,142.83135986328125,81.59491729736328,0.5525714876432329,-1.3597371810918248,0.0,0.0,0.0,0.0,0.0,0.0,0.0,0.0,0.0,0.0,0.0,0.0,0.0,0.0,0.0,0.0,0.0,0.0,0.0,0.0,0.0,0.0,0.0,0.0,0.0,0.0,0.0,0.0,0.0,0.0,0.0,0.0,0.0,0.0,0.0,0.0,0.0,0.0,0.0,0.0,0.0,0.0,0.0,0.0,0.0,0.0,0.0,0.0,0.0,0.0,0.0,0.0,0.0,0.0,0.0,0.0,0.0,0.0,0.0,0.0,0.0,0.0,0.0,0.0,0.0,0.0,0.0,0.0,0.0,0.0,0.0,0.0,0.0,AVPEPUDEAC0003_e.wav
272.1854553222656,30.24680519104004,310.1846618652344,186.9598846435547,-0.6492065643319114,-1.0018098425958193,14.169663926698336,837.5290002764983,0.0,0.0,14.169663926698336,837.5290002764983,14.169663926698336,837.5290002764983,,,,,272.1854553222656,30.24680519104004,310.1846618652344,186.9598846435547,-0.6492065643319114,-1.0018098425958193,272.1854553222656,30.24680519104004,310.1846618652344,186.9598846435547,-0.6492065643319114,-1.0018098425958193,0.0,0.0,0.0,0.0,0.0,0.0,0.0,0.0,0.0,0.0,0.0,0.0,0.0,0.0,0.0,0.0,0.0,0.0,0.0,0.0,0.0,0.0,0.0,0.0,0.0,0.0,0.0,0.0,0.0,0.0,0.0,0.0,0.0,0.0,0.0,0.0,0.0,0.0,0.0,0.0,0.0,0.0,0.0,0.0,0.0,0.0,0.0,0.0,0.0,0.0,0.0,0.0,0.0,0.0,0.0,0.0,0.0,0.0,0.0,0.0,0.0,0.0,0.0,0.0,0.0,0.0,0.0,0.0,0.0,0.0,0.0,0.0,0.0,AVPEPUDEAC0004_e.wav
160.5260009765625,25.229198455810547,202.82386779785156,135.65576171875,0.7757088586919951,-1.3126977229766101,-2.255753336417358,631.7821319782756,0.0,0.0,-2.255753336417358,631.7821319782756,-2.255753336417358,631.7821319782756,,,,,160.5260009765625,25.229198455810547,202.82386779785156,135.65576171875,0.7757088586919951,-1.3126977229766101,160.5260009765625,25.229198455810547,202.82386779785156,135.65576171875,0.7757088586919951,-1.3126977229766101,0.0,0.0,0.0,0.0,0.0,0.0,0.0,0.0,0.0,0.0,0.0,0.0,0.0,0.0,0.0,0.0,0.0,0.0,0.0,0.0,0.0,0.0,0.0,0.0,0.0,0.0,0.0,0.0,0.0,0.0,0.0,0.0,0.0,0.0,0.0,0.0,0.0,0.0,0.0,0.0,0.0,0.0,0.0,0.0,0.0,0.0,0.0,0.0,0.0,0.0,0.0,0.0,0.0,0.0,0.0,0.0,0.0,0.0,0.0,0.0,0.0,0.0,0.0,0.0,0.0,0.0,0.0,0.0,0.0,0.0,0.0,0.0,0.0,AVPEPUDEAC0005_e.wav
244.10208129882812,22.407026290893555,291.8113098144531,204.11480712890625,0.4774147644568598,-0.6535887263751481,-0.34093958630260107,164.53653997215375,30.63669299429677,92.22095183718564,41.297031894378456,230.28620622472525,-31.53392815441805,34.117911669591585,0.47176816307351493,-0.7070339534850042,-1.5,-1.5000000000000007,250.24752807617188,15.232580184936523,291.8113098144531,218.6746063232422,1.0142947722682725,1.7531796726659206,224.44276428222656,8.576828956604004,237.08889770507812,204.11480712890625,-0.8927482071186602,-0.25141906538329106,-15.969163360480827,5.495615573887389,-0.6419260115432096,0.5013327221775055,-23.865236547644322,7.02725876573765,-7.371143512926353e-16,-1.9999999999999998,27.096967214149014,24.815797519704503,-2.9756747991784234e-16,-1.9999999999999998,-15.675150903112748,8.567929410947874,-6.629162333805166,-39.938859637093714,-1.393515008590678,0.877735711838822,-16.263175817848907,2.423301736826904,-10.767712574853576,-21.810592827284108,0.10966298550425889,0.12492973251618888,-36.96096813426002,4.4353608912730556,0.4985856319394978,-1.0708224776639013,241.60790499124855,381.2254793823098,0.0,-2.0,4.954342797521986,4.954342797521986,0.0,-2.0,-28.904548913473196,3.1141669218677883,-25.790381991605408,-32.018715835340984,0.0,-2.0,-45.01738735504685,5.756554860678323,-31.840393978153312,-51.11356004878418,0.9971712638789956,-0.14164495532780252,1.078566854292359,0.465,0.065,0.0,-2.0,0.53,0.4,0.08,0.05,0.0,-2.0,0.13,0.03,0.0,0.0,0.0,0.0,0.0,0.0,0.0,0.0,0.0,0.0,0.0,0.0,AVPEPUDEAC0006_e.wav
232.17434692382812,16.311649322509766,254.34230041503906,195.52777099609375,0.10534685177258137,-1.676141058274165,17.304835858906394,37.44092051724387,0.31561543802557956,33.36939920952786,17.620451296931975,70.81031972677174,16.989220420880816,4.071521307716004,1.6773709796302895e-14,2.9372185121301295e-16,-1.9999999999999998,-1.9999999999999998,238.9155731201172,15.121458053588867,254.34230041503906,204.32237243652344,-0.5941301347244978,-1.4533033915483746,217.5683135986328,5.943747520446777,228.71556091308594,195.52777099609375,-0.5728482160989458,0.4167255985848035,0.0,0.0,0.0,0.0,0.0,0.0,0.0,0.0,0.0,0.0,0.0,0.0,0.0,0.0,0.0,0.0,0.0,0.0,0.0,0.0,0.0,0.0,0.0,0.0,0.0,0.0,0.0,0.0,0.0,0.0,0.0,0.0,0.0,0.0,0.0,0.0,0.0,0.0,0.0,0.0,0.0,0.0,0.0,0.0,0.0,0.0,0.0,0.0,0.27121402176492526,0.0,0.0,0.0,0.0,0.0,0.0,0.0,0.0,0.0,0.0,0.0,0.0,0.0,0.0,0.0,0.0,0.0,0.0,0.0,0.0,0.0,0.0,0.0,0.0,AVPEPUDEAC0007_e.wav
238.42803955078125,39.1396484375,309.7028503417969,99.94822692871094,-1.513949623196945,3.351739833161222,-35.00411900758367,753.1952132817801,23.826942312706787,90.4623423794173,-11.177176694876884,843.6575556611973,-58.83106132029046,662.7328709023627,-4.0340983667471005e-16,-1.9656974275777368e-15,-2.0,-2.0,200.76495361328125,34.534366607666016,241.74656677246094,99.94822692871094,-2.337774901329868,3.9036734286559795,255.98284912109375,26.846147537231445,309.7028503417969,119.69978332519531,-2.2669093761576544,9.511881516915105,0.0,0.0,0.0,0.0,0.0,0.0,0.0,0.0,0.0,0.0,0.0,0.0,0.0,0.0,0.0,0.0,0.0,0.0,0.0,0.0,0.0,0.0,0.0,0.0,0.0,0.0,0.0,0.0,0.0,0.0,0.0,0.0,0.0,0.0,0.0,0.0,0.0,0.0,0.0,0.0,0.0,0.0,0.0,0.0,0.0,0.0,0.0,0.0,0.27926135371941213,0.0,0.0,0.0,0.0,0.0,0.0,0.0,0.0,0.0,0.0,0.0,0.0,0.0,0.0,0.0,0.0,0.0,0.0,0.0,0.0,0.0,0.0,0.0,0.0,AVPEPUDEAC0008_e.wav
200.19833374023438,20.023460388183594,233.65301513671875,161.10385131835938,-0.5391165836976709,-1.214351037828653,-1.7612862030697376,398.10679603743756,0.0,0.0,-1.7612862030697376,398.10679603743756,-1.7612862030697376,398.10679603743756,,,,,200.19833374023438,20.023460388183594,233.65301513671875,161.10385131835938,-0.5391165836976709,-1.214351037828653,200.19833374023438,20.023460388183594,233.65301513671875,161.10385131835938,-0.5391165836976709,-1.214351037828653,0.0,0.0,0.0,0.0,0.0,0.0,0.0,0.0,0.0,0.0,0.0,0.0,0.0,0.0,0.0,0.0,0.0,0.0,0.0,0.0,0.0,0.0,0.0,0.0,0.0,0.0,0.0,0.0,0.0,0.0,0.0,0.0,0.0,0.0,0.0,0.0,0.0,0.0,0.0,0.0,0.0,0.0,0.0,0.0,0.0,0.0,0.0,0.0,0.0,0.0,0.0,0.0,0.0,0.0,0.0,0.0,0.0,0.0,0.0,0.0,0.0,0.0,0.0,0.0,0.0,0.0,0.0,0.0,0.0,0.0,0.0,0.0,0.0,AVPEPUDEAC0010_e.wav
235.8326873779297,15.16854190826416,268.7341613769531,210.62884521484375,0.1487340979548467,-1.1200975966377675,-3.2992305850740204,221.0843102132966,0.0,0.0,-3.2992305850740204,221.0843102132966,-3.2992305850740204,221.0843102132966,,,,,235.8326873779297,15.16854190826416,268.7341613769531,210.62884521484375,0.1487340979548467,-1.1200975966377675,235.8326873779297,15.16854190826416,268.7341613769531,210.62884521484375,0.1487340979548467,-1.1200975966377675,0.0,0.0,0.0,0.0,0.0,0.0,0.0,0.0,0.0,0.0,0.0,0.0,0.0,0.0,0.0,0.0,0.0,0.0,0.0,0.0,0.0,0.0,0.0,0.0,0.0,0.0,0.0,0.0,0.0,0.0,0.0,0.0,0.0,0.0,0.0,0.0,0.0,0.0,0.0,0.0,0.0,0.0,0.0,0.0,0.0,0.0,0.0,0.0,0.0,0.0,0.0,0.0,0.0,0.0,0.0,0.0,0.0,0.0,0.0,0.0,0.0,0.0,0.0,0.0,0.0,0.0,0.0,0.0,0.0,0.0,0.0,0.0,0.0,AVPEPUDEAC0011_e.wav
216.16616821289062,8.657038688659668,230.63502502441406,202.6245574951172,-0.09893307481393375,-1.4375782573995983,-1.919993453986237,73.70323855099022,0.0,0.0,-1.919993453986237,73.70323855099022,-1.919993453986237,73.70323855099022,,,,,216.16616821289062,8.657038688659668,230.63502502441406,202.6245574951172,-0.09893307481393375,-1.4375782573995983,216.16616821289062,8.657038688659668,230.63502502441406,202.6245574951172,-0.09893307481393375,-1.4375782573995983,0.0,0.0,0.0,0.0,0.0,0.0,0.0,0.0,0.0,0.0,0.0,0.0,0.0,0.0,0.0,0.0,0.0,0.0,0.0,0.0,0.0,0.0,0.0,0.0,0.0,0.0,0.0,0.0,0.0,0.0,0.0,0.0,0.0,0.0,0.0,0.0,0.0,0.0,0.0,0.0,0.0,0.0,0.0,0.0,0.0,0.0,0.0,0.0,0.0,0.0,0.0,0.0,0.0,0.0,0.0,0.0,0.0,0.0,0.0,0.0,0.0,0.0,0.0,0.0,0.0,0.0,0.0,0.0,0.0,0.0,0.0,0.0,0.0,AVPEPUDEAC0012_e.wav
135.06787109375,14.48255443572998,193.3346710205078,67.77406311035156,0.22487808505970963,7.554113820080989,2.4086937807481195,199.4694018380446,0.0,0.0,2.4086937807481195,199.4694018380446,2.4086937807481195,199.4694018380446,,,,,135.06787109375,14.48255443572998,193.3346710205078,67.77406311035156,0.22487808505970963,7.554113820080989,135.06787109375,14.48255443572998,193.3346710205078,67.77406311035156,0.22487808505970963,7.554113820080989,0.0,0.0,0.0,0.0,0.0,0.0,0.0,0.0,0.0,0.0,0.0,0.0,0.0,0.0,0.0,0.0,0.0,0.0,0.0,0.0,0.0,0.0,0.0,0.0,0.0,0.0,0.0,0.0,0.0,0.0,0.0,0.0,0.0,0.0,0.0,0.0,0.0,0.0,0.0,0.0,0.0,0.0,0.0,0.0,0.0,0.0,0.0,0.0,0.0,0.0,0.0,0.0,0.0,0.0,0.0,0.0,0.0,0.0,0.0,0.0,0.0,0.0,0.0,0.0,0.0,0.0,0.0,0.0,0.0,0.0,0.0,0.0,0.0,AVPEPUDEAC0013_e.wav
215.5260009765625,16.022754669189453,250.16839599609375,166.1698760986328,0.13988684941346335,-0.622686599776463,4.663354360909932,246.11564325663284,0.0,0.0,4.663354360909932,246.11564325663284,4.663354360909932,246.11564325663284,,,,,215.5260009765625,16.022754669189453,250.16839599609375,166.1698760986328,0.13988684941346335,-0.622686599776463,215.5260009765625,16.022754669189453,250.16839599609375,166.1698760986328,0.13988684941346335,-0.622686599776463,0.0,0.0,0.0,0.0,0.0,0.0,0.0,0.0,0.0,0.0,0.0,0.0,0.0,0.0,0.0,0.0,0.0,0.0,0.0,0.0,0.0,0.0,0.0,0.0,0.0,0.0,0.0,0.0,0.0,0.0,0.0,0.0,0.0,0.0,0.0,0.0,0.0,0.0,0.0,0.0,0.0,0.0,0.0,0.0,0.0,0.0,0.0,0.0,0.0,0.0,0.0,0.0,0.0,0.0,0.0,0.0,0.0,0.0,0.0,0.0,0.0,0.0,0.0,0.0,0.0,0.0,0.0,0.0,0.0,0.0,0.0,0.0,0.0,AVPEPUDEAC0014_e.wav
241.6927490234375,19.913883209228516,330.0388488769531,208.98081970214844,0.7038663659505742,1.854943144339078,-12.621227231150504,348.6426631646311,0.0,0.0,-12.621227231150504,348.6426631646311,-12.621227231150504,348.6426631646311,,,,,241.6927490234375,19.913883209228516,330.0388488769531,208.98081970214844,0.7038663659505742,1.854943144339078,241.6927490234375,19.913883209228516,330.0388488769531,208.98081970214844,0.7038663659505742,1.854943144339078,0.0,0.0,0.0,0.0,0.0,0.0,0.0,0.0,0.0,0.0,0.0,0.0,0.0,0.0,0.0,0.0,0.0,0.0,0.0,0.0,0.0,0.0,0.0,0.0,0.0,0.0,0.0,0.0,0.0,0.0,0.0,0.0,0.0,0.0,0.0,0.0,0.0,0.0,0.0,0.0,0.0,0.0,0.0,0.0,0.0,0.0,0.0,0.0,0.0,0.0,0.0,0.0,0.0,0.0,0.0,0.0,0.0,0.0,0.0,0.0,0.0,0.0,0.0,0.0,0.0,0.0,0.0,0.0,0.0,0.0,0.0,0.0,0.0,AVPEPUDEAC0015_e.wav
241.8943328857422,19.051816940307617,264.71990966796875,174.81146240234375,-0.6348904156880715,-0.4101481043128796,-18.128381842369727,234.01410069305177,0.0,0.0,-18.128381842369727,234.01410069305177,-18.128381842369727,234.01410069305177,,,,,241.8943328857422,19.051816940307617,264.71990966796875,174.81146240234375,-0.6348904156880715,-0.4101481043128796,241.8943328857422,19.051816940307617,264.71990966796875,174.81146240234375,-0.6348904156880715,-0.4101481043128796,0.0,0.0,0.0,0.0,0.0,0.0,0.0,0.0,0.0,0.0,0.0,0.0,0.0,0.0,0.0,0.0,0.0,0.0,0.0,0.0,0.0,0.0,0.0,0.0,0.0,0.0,0.0,0.0,0.0,0.0,0.0,0.0,0.0,0.0,0.0,0.0,0.0,0.0,0.0,0.0,0.0,0.0,0.0,0.0,0.0,0.0,0.0,0.0,0.0,0.0,0.0,0.0,0.0,0.0,0.0,0.0,0.0,0.0,0.0,0.0,0.0,0.0,0.0,0.0,0.0,0.0,0.0,0.0,0.0,0.0,0.0,0.0,0.0,AVPEPUDEAC0016_e.wav
191.8992919921875,10.619303703308105,209.5826416015625,175.25244140625,0.14113920029882301,-1.1331957031729043,-14.777895379955762,71.27623446939924,0.0,0.0,-14.777895379955762,71.27623446939924,-14.777895379955762,71.27623446939924,,,,,191.8992919921875,10.619303703308105,209.5826416015625,175.25244140625,0.14113920029882301,-1.1331957031729043,191.8992919921875,10.619303703308105,209.5826416015625,175.25244140625,0.14113920029882301,-1.1331957031729043,0.0,0.0,0.0,0.0,0.0,0.0,0.0,0.0,0.0,0.0,0.0,0.0,0.0,0.0,0.0,0.0,0.0,0.0,0.0,0.0,0.0,0.0,0.0,0.0,0.0,0.0,0.0,0.0,0.0,0.0,0.0,0.0,0.0,0.0,0.0,0.0,0.0,0.0,0.0,0.0,0.0,0.0,0.0,0.0,0.0,0.0,0.0,0.0,0.0,0.0,0.0,0.0,0.0,0.0,0.0,0.0,0.0,0.0,0.0,0.0,0.0,0.0,0.0,0.0,0.0,0.0,0.0,0.0,0.0,0.0,0.0,0.0,0.0,AVPEPUDEAC0017_e.wav
199.63555908203125,10.888336181640625,214.011962890625,157.64678955078125,-1.0486161861309304,1.298998344937453,-7.04124406533472,100.16200650957934,0.0,0.0,-7.04124406533472,100.16200650957934,-7.04124406533472,100.16200650957934,,,,,199.63555908203125,10.888336181640625,214.011962890625,157.64678955078125,-1.0486161861309304,1.298998344937453,199.63555908203125,10.888336181640625,214.011962890625,157.64678955078125,-1.0486161861309304,1.298998344937453,0.0,0.0,0.0,0.0,0.0,0.0,0.0,0.0,0.0,0.0,0.0,0.0,0.0,0.0,0.0,0.0,0.0,0.0,0.0,0.0,0.0,0.0,0.0,0.0,0.0,0.0,0.0,0.0,0.0,0.0,0.0,0.0,0.0,0.0,0.0,0.0,0.0,0.0,0.0,0.0,0.0,0.0,0.0,0.0,0.0,0.0,0.0,0.0,0.0,0.0,0.0,0.0,0.0,0.0,0.0,0.0,0.0,0.0,0.0,0.0,0.0,0.0,0.0,0.0,0.0,0.0,0.0,0.0,0.0,0.0,0.0,0.0,0.0,AVPEPUDEAC0018_e.wav
207.50494384765625,27.754287719726562,233.1912384033203,93.94168853759766,-2.881648072795827,8.374732681884261,-10.602938163033057,620.404978901654,0.0,0.0,-10.602938163033057,620.404978901654,-10.602938163033057,620.404978901654,,,,,207.50494384765625,27.754287719726562,233.1912384033203,93.94168853759766,-2.881648072795827,8.374732681884261,207.50494384765625,27.754287719726562,233.1912384033203,93.94168853759766,-2.881648072795827,8.374732681884261,0.0,0.0,0.0,0.0,0.0,0.0,0.0,0.0,0.0,0.0,0.0,0.0,0.0,0.0,0.0,0.0,0.0,0.0,0.0,0.0,0.0,0.0,0.0,0.0,0.0,0.0,0.0,0.0,0.0,0.0,0.0,0.0,0.0,0.0,0.0,0.0,0.0,0.0,0.0,0.0,0.0,0.0,0.0,0.0,0.0,0.0,0.0,0.0,0.0,0.0,0.0,0.0,0.0,0.0,0.0,0.0,0.0,0.0,0.0,0.0,0.0,0.0,0.0,0.0,0.0,0.0,0.0,0.0,0.0,0.0,0.0,0.0,0.0,AVPEPUDEAC0019_e.wav
179.93223571777344,13.337178230285645,206.47265625,148.85745239257812,-0.21174016498686993,-1.323528390331017,-0.39003188889875556,177.77735016483925,0.0,0.0,-0.39003188889875556,177.77735016483925,-0.39003188889875556,177.77735016483925,,,,,179.93223571777344,13.337178230285645,206.47265625,148.85745239257812,-0.21174016498686993,-1.323528390331017,179.93223571777344,13.337178230285645,206.47265625,148.85745239257812,-0.21174016498686993,-1.323528390331017,0.0,0.0,0.0,0.0,0.0,0.0,0.0,0.0,0.0,0.0,0.0,0.0,0.0,0.0,0.0,0.0,0.0,0.0,0.0,0.0,0.0,0.0,0.0,0.0,0.0,0.0,0.0,0.0,0.0,0.0,0.0,0.0,0.0,0.0,0.0,0.0,0.0,0.0,0.0,0.0,0.0,0.0,0.0,0.0,0.0,0.0,0.0,0.0,0.0,0.0,0.0,0.0,0.0,0.0,0.0,0.0,0.0,0.0,0.0,0.0,0.0,0.0,0.0,0.0,0.0,0.0,0.0,0.0,0.0,0.0,0.0,0.0,0.0,AVPEPUDEAC0020_e.wav
152.3459930419922,5.666904449462891,164.8352508544922,139.29733276367188,-0.10852140002705567,-1.153630860041021,1.379601193797265,30.714756318634596,0.0,0.0,1.379601193797265,30.714756318634596,1.379601193797265,30.714756318634596,,,,,152.3459930419922,5.666904449462891,164.8352508544922,139.29733276367188,-0.10852140002705567,-1.153630860041021,152.3459930419922,5.666904449462891,164.8352508544922,139.29733276367188,-0.10852140002705567,-1.153630860041021,0.0,0.0,0.0,0.0,0.0,0.0,0.0,0.0,0.0,0.0,0.0,0.0,0.0,0.0,0.0,0.0,0.0,0.0,0.0,0.0,0.0,0.0,0.0,0.0,0.0,0.0,0.0,0.0,0.0,0.0,0.0,0.0,0.0,0.0,0.0,0.0,0.0,0.0,0.0,0.0,0.0,0.0,0.0,0.0,0.0,0.0,0.0,0.0,0.0,0.0,0.0,0.0,0.0,0.0,0.0,0.0,0.0,0.0,0.0,0.0,0.0,0.0,0.0,0.0,0.0,0.0,0.0,0.0,0.0,0.0,0.0,0.0,0.0,AVPEPUDEAC0021_e.wav
170.35511779785156,23.88733673095703,206.25180053710938,120.3715591430664,-0.2447334052472016,-1.5313792373562791,1.3541215014943484,564.844201787493,0.0,0.0,1.3541215014943484,564.844201787493,1.3541215014943484,564.844201787493,,,,,170.35511779785156,23.88733673095703,206.25180053710938,120.3715591430664,-0.2447334052472016,-1.5313792373562791,170.35511779785156,23.88733673095703,206.25180053710938,120.3715591430664,-0.2447334052472016,-1.5313792373562791,0.0,0.0,0.0,0.0,0.0,0.0,0.0,0.0,0.0,0.0,0.0,0.0,0.0,0.0,0.0,0.0,0.0,0.0,0.0,0.0,0.0,0.0,0.0,0.0,0.0,0.0,0.0,0.0,0.0,0.0,0.0,0.0,0.0,0.0,0.0,0.0,0.0,0.0,0.0,0.0,0.0,0.0,0.0,0.0,0.0,0.0,0.0,0.0,0.0,0.0,0.0,0.0,0.0,0.0,0.0,0.0,0.0,0.0,0.0,0.0,0.0,0.0,0.0,0.0,0.0,0.0,0.0,0.0,0.0,0.0,0.0,0.0,0.0,AVPEPUDEAC0022_e.wav
252.7637481689453,17.179471969604492,290.5478210449219,185.38690185546875,0.09243094308888407,-1.0003878135070126,0.09457966723111697,294.9584152114657,0.0,0.0,0.09457966723111697,294.9584152114657,0.09457966723111697,294.9584152114657,,,,,252.7637481689453,17.179471969604492,290.5478210449219,185.38690185546875,0.09243094308888407,-1.0003878135070126,252.7637481689453,17.179471969604492,290.5478210449219,185.38690185546875,0.09243094308888407,-1.0003878135070126,0.0,0.0,0.0,0.0,0.0,0.0,0.0,0.0,0.0,0.0,0.0,0.0,0.0,0.0,0.0,0.0,0.0,0.0,0.0,0.0,0.0,0.0,0.0,0.0,0.0,0.0,0.0,0.0,0.0,0.0,0.0,0.0,0.0,0.0,0.0,0.0,0.0,0.0,0.0,0.0,0.0,0.0,0.0,0.0,0.0,0.0,0.0,0.0,0.0,0.0,0.0,0.0,0.0,0.0,0.0,0.0,0.0,0.0,0.0,0.0,0.0,0.0,0.0,0.0,0.0,0.0,0.0,0.0,0.0,0.0,0.0,0.0,0.0,AVPEPUDEAC0023_e.wav
185.1493682861328,10.496904373168945,219.63259887695312,167.0638885498047,0.5204414043061674,0.020768967349010126,-0.19977298521107256,110.11764656554209,0.0,0.0,-0.19977298521107256,110.11764656554209,-0.19977298521107256,110.11764656554209,,,,,185.1493682861328,10.496904373168945,219.63259887695312,167.0638885498047,0.5204414043061674,0.020768967349010126,185.1493682861328,10.496904373168945,219.63259887695312,167.0638885498047,0.5204414043061674,0.020768967349010126,0.0,0.0,0.0,0.0,0.0,0.0,0.0,0.0,0.0,0.0,0.0,0.0,0.0,0.0,0.0,0.0,0.0,0.0,0.0,0.0,0.0,0.0,0.0,0.0,0.0,0.0,0.0,0.0,0.0,0.0,0.0,0.0,0.0,0.0,0.0,0.0,0.0,0.0,0.0,0.0,0.0,0.0,0.0,0.0,0.0,0.0,0.0,0.0,0.0,0.0,0.0,0.0,0.0,0.0,0.0,0.0,0.0,0.0,0.0,0.0,0.0,0.0,0.0,0.0,0.0,0.0,0.0,0.0,0.0,0.0,0.0,0.0,0.0,AVPEPUDEAC0024_e.wav
227.53897094726562,15.64481258392334,261.3813781738281,174.19708251953125,-0.35319553189066105,0.9739359821110578,0.4525731140024131,244.3021746963226,0.0,0.0,0.4525731140024131,244.3021746963226,0.4525731140024131,244.3021746963226,,,,,227.53897094726562,15.64481258392334,261.3813781738281,174.19708251953125,-0.35319553189066105,0.9739359821110578,227.53897094726562,15.64481258392334,261.3813781738281,174.19708251953125,-0.35319553189066105,0.9739359821110578,0.0,0.0,0.0,0.0,0.0,0.0,0.0,0.0,0.0,0.0,0.0,0.0,0.0,0.0,0.0,0.0,0.0,0.0,0.0,0.0,0.0,0.0,0.0,0.0,0.0,0.0,0.0,0.0,0.0,0.0,0.0,0.0,0.0,0.0,0.0,0.0,0.0,0.0,0.0,0.0,0.0,0.0,0.0,0.0,0.0,0.0,0.0,0.0,0.0,0.0,0.0,0.0,0.0,0.0,0.0,0.0,0.0,0.0,0.0,0.0,0.0,0.0,0.0,0.0,0.0,0.0,0.0,0.0,0.0,0.0,0.0,0.0,0.0,AVPEPUDEAC0025_e.wav
140.70993041992188,16.335512161254883,215.5685577392578,120.13626861572266,1.2305026966846573,2.4731507734831544,3.804827207546306,253.3103717744963,0.0,0.0,3.804827207546306,253.3103717744963,3.804827207546306,253.3103717744963,,,,,140.70993041992188,16.335512161254883,215.5685577392578,120.13626861572266,1.2305026966846573,2.4731507734831544,140.70993041992188,16.335512161254883,215.5685577392578,120.13626861572266,1.2305026966846573,2.4731507734831544,0.0,0.0,0.0,0.0,0.0,0.0,0.0,0.0,0.0,0.0,0.0,0.0,0.0,0.0,0.0,0.0,0.0,0.0,0.0,0.0,0.0,0.0,0.0,0.0,0.0,0.0,0.0,0.0,0.0,0.0,0.0,0.0,0.0,0.0,0.0,0.0,0.0,0.0,0.0,0.0,0.0,0.0,0.0,0.0,0.0,0.0,0.0,0.0,0.0,0.0,0.0,0.0,0.0,0.0,0.0,0.0,0.0,0.0,0.0,0.0,0.0,0.0,0.0,0.0,0.0,0.0,0.0,0.0,0.0,0.0,0.0,0.0,0.0,AVPEPUDEAC0026_e.wav
202.02098083496094,18.61924934387207,223.15171813964844,162.70504760742188,-0.2978177483069744,-1.5433388201039797,-7.505233597909026,298.909811205997,0.0,0.0,-7.505233597909026,298.909811205997,-7.505233597909026,298.909811205997,,,,,202.02098083496094,18.61924934387207,223.15171813964844,162.70504760742188,-0.2978177483069744,-1.5433388201039797,202.02098083496094,18.61924934387207,223.15171813964844,162.70504760742188,-0.2978177483069744,-1.5433388201039797,0.0,0.0,0.0,0.0,0.0,0.0,0.0,0.0,0.0,0.0,0.0,0.0,0.0,0.0,0.0,0.0,0.0,0.0,0.0,0.0,0.0,0.0,0.0,0.0,0.0,0.0,0.0,0.0,0.0,0.0,0.0,0.0,0.0,0.0,0.0,0.0,0.0,0.0,0.0,0.0,0.0,0.0,0.0,0.0,0.0,0.0,0.0,0.0,0.0,0.0,0.0,0.0,0.0,0.0,0.0,0.0,0.0,0.0,0.0,0.0,0.0,0.0,0.0,0.0,0.0,0.0,0.0,0.0,0.0,0.0,0.0,0.0,0.0,AVPEPUDEAC0027_e.wav
293.38104248046875,12.206849098205566,337.99346923828125,172.39280700683594,-5.198653273259263,51.792735519464415,-0.5583673670866388,148.31807925814493,0.0,0.0,-0.5583673670866388,148.31807925814493,-0.5583673670866388,148.31807925814493,,,,,293.38104248046875,12.206849098205566,337.99346923828125,172.39280700683594,-5.198653273259263,51.792735519464415,293.38104248046875,12.206849098205566,337.99346923828125,172.39280700683594,-5.198653273259263,51.792735519464415,0.0,0.0,0.0,0.0,0.0,0.0,0.0,0.0,0.0,0.0,0.0,0.0,0.0,0.0,0.0,0.0,0.0,0.0,0.0,0.0,0.0,0.0,0.0,0.0,0.0,0.0,0.0,0.0,0.0,0.0,0.0,0.0,0.0,0.0,0.0,0.0,0.0,0.0,0.0,0.0,0.0,0.0,0.0,0.0,0.0,0.0,0.0,0.0,0.0,0.0,0.0,0.0,0.0,0.0,0.0,0.0,0.0,0.0,0.0,0.0,0.0,0.0,0.0,0.0,0.0,0.0,0.0,0.0,0.0,0.0,0.0,0.0,0.0,AVPEPUDEAC0028_e.wav
260.2235412597656,13.049059867858887,287.1784973144531,237.74119567871094,0.15341425647743484,-0.97164513407846,-6.184850702715412,143.2845216854905,0.0,0.0,-6.184850702715412,143.2845216854905,-6.184850702715412,143.2845216854905,,,,,260.2235412597656,13.049059867858887,287.1784973144531,237.74119567871094,0.15341425647743484,-0.97164513407846,260.2235412597656,13.049059867858887,287.1784973144531,237.74119567871094,0.15341425647743484,-0.97164513407846,0.0,0.0,0.0,0.0,0.0,0.0,0.0,0.0,0.0,0.0,0.0,0.0,0.0,0.0,0.0,0.0,0.0,0.0,0.0,0.0,0.0,0.0,0.0,0.0,0.0,0.0,0.0,0.0,0.0,0.0,0.0,0.0,0.0,0.0,0.0,0.0,0.0,0.0,0.0,0.0,0.0,0.0,0.0,0.0,0.0,0.0,0.0,0.0,0.0,0.0,0.0,0.0,0.0,0.0,0.0,0.0,0.0,0.0,0.0,0.0,0.0,0.0,0.0,0.0,0.0,0.0,0.0,0.0,0.0,0.0,0.0,0.0,0.0,AVPEPUDEAC0029_e.wav
237.77511596679688,12.29718017578125,257.7221374511719,198.4860076904297,-0.14216552495650311,-0.7280382572091084,-10.349479874636085,124.81493098776875,0.0,0.0,-10.349479874636085,124.81493098776875,-10.349479874636085,124.81493098776875,,,,,237.77511596679688,12.29718017578125,257.7221374511719,198.4860076904297,-0.14216552495650311,-0.7280382572091084,237.77511596679688,12.29718017578125,257.7221374511719,198.4860076904297,-0.14216552495650311,-0.7280382572091084,0.0,0.0,0.0,0.0,0.0,0.0,0.0,0.0,0.0,0.0,0.0,0.0,0.0,0.0,0.0,0.0,0.0,0.0,0.0,0.0,0.0,0.0,0.0,0.0,0.0,0.0,0.0,0.0,0.0,0.0,0.0,0.0,0.0,0.0,0.0,0.0,0.0,0.0,0.0,0.0,0.0,0.0,0.0,0.0,0.0,0.0,0.0,0.0,0.0,0.0,0.0,0.0,0.0,0.0,0.0,0.0,0.0,0.0,0.0,0.0,0.0,0.0,0.0,0.0,0.0,0.0,0.0,0.0,0.0,0.0,0.0,0.0,0.0,AVPEPUDEAC0030_e.wav
105.349853515625,2.961289882659912,118.72945404052734,99.4464340209961,0.2632127795113674,1.1401515399414341,-0.3493771624259749,8.742544112143417,0.0,0.0,-0.3493771624259749,8.742544112143417,-0.3493771624259749,8.742544112143417,,,,,105.349853515625,2.961289882659912,118.72945404052734,99.4464340209961,0.2632127795113674,1.1401515399414341,105.349853515625,2.961289882659912,118.72945404052734,99.4464340209961,0.2632127795113674,1.1401515399414341,0.0,0.0,0.0,0.0,0.0,0.0,0.0,0.0,0.0,0.0,0.0,0.0,0.0,0.0,0.0,0.0,0.0,0.0,0.0,0.0,0.0,0.0,0.0,0.0,0.0,0.0,0.0,0.0,0.0,0.0,0.0,0.0,0.0,0.0,0.0,0.0,0.0,0.0,0.0,0.0,0.0,0.0,0.0,0.0,0.0,0.0,0.0,0.0,0.0,0.0,0.0,0.0,0.0,0.0,0.0,0.0,0.0,0.0,0.0,0.0,0.0,0.0,0.0,0.0,0.0,0.0,0.0,0.0,0.0,0.0,0.0,0.0,0.0,AVPEPUDEAC0031_e.wav
117.13675689697266,12.659432411193848,249.26193237304688,100.8796615600586,3.2280749821725423,27.2689093853357,-1064.724286984642,53.615686471498044,1064.4413624294218,50.44994070275026,-0.28292455522031285,104.0656271742483,-2129.165649414064,3.165745768747786,0.0,0.0,-2.0,-2.0,226.712158203125,17.475378036499023,249.26193237304688,206.67861938476562,0.21299597721670518,-1.500000179978761,116.63490295410156,10.2152738571167,136.13101196289062,100.8796615600586,0.2303366128643221,-1.407779190804912,0.0,0.0,0.0,0.0,0.0,0.0,0.0,0.0,0.0,0.0,0.0,0.0,0.0,0.0,0.0,0.0,0.0,0.0,0.0,0.0,0.0,0.0,0.0,0.0,0.0,0.0,0.0,0.0,0.0,0.0,0.0,0.0,0.0,0.0,0.0,0.0,0.0,0.0,0.0,0.0,0.0,0.0,0.0,0.0,0.0,0.0,0.0,0.0,0.14493935193992263,0.0,0.0,0.0,0.0,0.0,0.0,0.0,0.0,0.0,0.0,0.0,0.0,0.0,0.0,0.0,0.0,0.0,0.0,0.0,0.0,0.0,0.0,0.0,0.0,AVPEPUDEAC0033_e.wav
194.2635040283203,16.7255859375,220.5748748779297,163.9021759033203,-0.4017264383273148,-1.5040414825713342,6.639914463370024,262.28509763559094,0.0,0.0,6.639914463370024,262.28509763559094,6.639914463370024,262.28509763559094,,,,,194.2635040283203,16.7255859375,220.5748748779297,163.9021759033203,-0.4017264383273148,-1.5040414825713342,194.2635040283203,16.7255859375,220.5748748779297,163.9021759033203,-0.4017264383273148,-1.5040414825713342,0.0,0.0,0.0,0.0,0.0,0.0,0.0,0.0,0.0,0.0,0.0,0.0,0.0,0.0,0.0,0.0,0.0,0.0,0.0,0.0,0.0,0.0,0.0,0.0,0.0,0.0,0.0,0.0,0.0,0.0,0.0,0.0,0.0,0.0,0.0,0.0,0.0,0.0,0.0,0.0,0.0,0.0,0.0,0.0,0.0,0.0,0.0,0.0,0.0,0.0,0.0,0.0,0.0,0.0,0.0,0.0,0.0,0.0,0.0,0.0,0.0,0.0,0.0,0.0,0.0,0.0,0.0,0.0,0.0,0.0,0.0,0.0,0.0,AVPEPUDEAC0034_e.wav
165.19479370117188,17.250986099243164,203.2653045654297,125.53971862792969,0.1821629069343356,-1.1105158896166354,-0.7690764973217967,297.0064143163606,0.0,0.0,-0.7690764973217967,297.0064143163606,-0.7690764973217967,297.0064143163606,,,,,165.19479370117188,17.250986099243164,203.2653045654297,125.53971862792969,0.1821629069343356,-1.1105158896166354,165.19479370117188,17.250986099243164,203.2653045654297,125.53971862792969,0.1821629069343356,-1.1105158896166354,0.0,0.0,0.0,0.0,0.0,0.0,0.0,0.0,0.0,0.0,0.0,0.0,0.0,0.0,0.0,0.0,0.0,0.0,0.0,0.0,0.0,0.0,0.0,0.0,0.0,0.0,0.0,0.0,0.0,0.0,0.0,0.0,0.0,0.0,0.0,0.0,0.0,0.0,0.0,0.0,0.0,0.0,0.0,0.0,0.0,0.0,0.0,0.0,0.0,0.0,0.0,0.0,0.0,0.0,0.0,0.0,0.0,0.0,0.0,0.0,0.0,0.0,0.0,0.0,0.0,0.0,0.0,0.0,0.0,0.0,0.0,0.0,0.0,AVPEPUDEAC0035_e.wav
116.28292083740234,5.422917366027832,130.09487915039062,104.9112548828125,-0.12005959091713285,-0.8300456922816521,0.09837295973532824,29.40228220123207,0.0,0.0,0.09837295973532824,29.40228220123207,0.09837295973532824,29.40228220123207,,,,,116.28292083740234,5.422917366027832,130.09487915039062,104.9112548828125,-0.12005959091713285,-0.8300456922816521,116.28292083740234,5.422917366027832,130.09487915039062,104.9112548828125,-0.12005959091713285,-0.8300456922816521,0.0,0.0,0.0,0.0,0.0,0.0,0.0,0.0,0.0,0.0,0.0,0.0,0.0,0.0,0.0,0.0,0.0,0.0,0.0,0.0,0.0,0.0,0.0,0.0,0.0,0.0,0.0,0.0,0.0,0.0,0.0,0.0,0.0,0.0,0.0,0.0,0.0,0.0,0.0,0.0,0.0,0.0,0.0,0.0,0.0,0.0,0.0,0.0,0.0,0.0,0.0,0.0,0.0,0.0,0.0,0.0,0.0,0.0,0.0,0.0,0.0,0.0,0.0,0.0,0.0,0.0,0.0,0.0,0.0,0.0,0.0,0.0,0.0,AVPEPUDEAC0037_e.wav
106.68199920654297,9.72098159790039,122.93702697753906,81.43354034423828,-0.3126058787950583,-0.8331399265593302,-3.7934408119064744,85.56021388402732,0.0,0.0,-3.7934408119064744,85.56021388402732,-3.7934408119064744,85.56021388402732,,,,,106.68199920654297,9.72098159790039,122.93702697753906,81.43354034423828,-0.3126058787950583,-0.8331399265593302,106.68199920654297,9.72098159790039,122.93702697753906,81.43354034423828,-0.3126058787950583,-0.8331399265593302,0.0,0.0,0.0,0.0,0.0,0.0,0.0,0.0,0.0,0.0,0.0,0.0,0.0,0.0,0.0,0.0,0.0,0.0,0.0,0.0,0.0,0.0,0.0,0.0,0.0,0.0,0.0,0.0,0.0,0.0,0.0,0.0,0.0,0.0,0.0,0.0,0.0,0.0,0.0,0.0,0.0,0.0,0.0,0.0,0.0,0.0,0.0,0.0,0.0,0.0,0.0,0.0,0.0,0.0,0.0,0.0,0.0,0.0,0.0,0.0,0.0,0.0,0.0,0.0,0.0,0.0,0.0,0.0,0.0,0.0,0.0,0.0,0.0,AVPEPUDEAC0039_e.wav
112.48633575439453,8.101144790649414,127.10797119140625,95.26891326904297,0.07199162161107334,-1.338325355764312,0.5028655326994652,65.34006091365984,0.0,0.0,0.5028655326994652,65.34006091365984,0.5028655326994652,65.34006091365984,,,,,112.48633575439453,8.101144790649414,127.10797119140625,95.26891326904297,0.07199162161107334,-1.338325355764312,112.48633575439453,8.101144790649414,127.10797119140625,95.26891326904297,0.07199162161107334,-1.338325355764312,0.0,0.0,0.0,0.0,0.0,0.0,0.0,0.0,0.0,0.0,0.0,0.0,0.0,0.0,0.0,0.0,0.0,0.0,0.0,0.0,0.0,0.0,0.0,0.0,0.0,0.0,0.0,0.0,0.0,0.0,0.0,0.0,0.0,0.0,0.0,0.0,0.0,0.0,0.0,0.0,0.0,0.0,0.0,0.0,0.0,0.0,0.0,0.0,0.0,0.0,0.0,0.0,0.0,0.0,0.0,0.0,0.0,0.0,0.0,0.0,0.0,0.0,0.0,0.0,0.0,0.0,0.0,0.0,0.0,0.0,0.0,0.0,0.0,AVPEPUDEAC0040_e.wav
136.55441284179688,13.227154731750488,160.45408630371094,107.75346374511719,-0.08480652746367971,-1.0767155816720773,0.8142861177326294,174.46033010172235,0.0,0.0,0.8142861177326294,174.46033010172235,0.8142861177326294,174.46033010172235,,,,,136.55441284179688,13.227154731750488,160.45408630371094,107.75346374511719,-0.08480652746367971,-1.0767155816720773,136.55441284179688,13.227154731750488,160.45408630371094,107.75346374511719,-0.08480652746367971,-1.0767155816720773,0.0,0.0,0.0,0.0,0.0,0.0,0.0,0.0,0.0,0.0,0.0,0.0,0.0,0.0,0.0,0.0,0.0,0.0,0.0,0.0,0.0,0.0,0.0,0.0,0.0,0.0,0.0,0.0,0.0,0.0,0.0,0.0,0.0,0.0,0.0,0.0,0.0,0.0,0.0,0.0,0.0,0.0,0.0,0.0,0.0,0.0,0.0,0.0,0.0,0.0,0.0,0.0,0.0,0.0,0.0,0.0,0.0,0.0,0.0,0.0,0.0,0.0,0.0,0.0,0.0,0.0,0.0,0.0,0.0,0.0,0.0,0.0,0.0,AVPEPUDEAC0041_e.wav
121.25704193115234,13.680398941040039,148.04251098632812,86.13531494140625,0.12170103238244898,-1.1960554415120417,5.158456109832374,170.38391105953576,0.0,0.0,5.158456109832374,170.38391105953576,5.158456109832374,170.38391105953576,,,,,121.25704193115234,13.680398941040039,148.04251098632812,86.13531494140625,0.12170103238244898,-1.1960554415120417,121.25704193115234,13.680398941040039,148.04251098632812,86.13531494140625,0.12170103238244898,-1.1960554415120417,0.0,0.0,0.0,0.0,0.0,0.0,0.0,0.0,0.0,0.0,0.0,0.0,0.0,0.0,0.0,0.0,0.0,0.0,0.0,0.0,0.0,0.0,0.0,0.0,0.0,0.0,0.0,0.0,0.0,0.0,0.0,0.0,0.0,0.0,0.0,0.0,0.0,0.0,0.0,0.0,0.0,0.0,0.0,0.0,0.0,0.0,0.0,0.0,0.0,0.0,0.0,0.0,0.0,0.0,0.0,0.0,0.0,0.0,0.0,0.0,0.0,0.0,0.0,0.0,0.0,0.0,0.0,0.0,0.0,0.0,0.0,0.0,0.0,AVPEPUDEAC0042_e.wav
119.25320434570312,7.19945764541626,153.23533630371094,104.07829284667969,1.8527743057867228,6.709432453891248,2.5298709289600514,50.958401096258946,0.0,0.0,2.5298709289600514,50.958401096258946,2.5298709289600514,50.958401096258946,,,,,119.25320434570312,7.19945764541626,153.23533630371094,104.07829284667969,1.8527743057867228,6.709432453891248,119.25320434570312,7.19945764541626,153.23533630371094,104.07829284667969,1.8527743057867228,6.709432453891248,0.0,0.0,0.0,0.0,0.0,0.0,0.0,0.0,0.0,0.0,0.0,0.0,0.0,0.0,0.0,0.0,0.0,0.0,0.0,0.0,0.0,0.0,0.0,0.0,0.0,0.0,0.0,0.0,0.0,0.0,0.0,0.0,0.0,0.0,0.0,0.0,0.0,0.0,0.0,0.0,0.0,0.0,0.0,0.0,0.0,0.0,0.0,0.0,0.0,0.0,0.0,0.0,0.0,0.0,0.0,0.0,0.0,0.0,0.0,0.0,0.0,0.0,0.0,0.0,0.0,0.0,0.0,0.0,0.0,0.0,0.0,0.0,0.0,AVPEPUDEAC0043_e.wav
153.4016876220703,12.209697723388672,177.10984802246094,132.48065185546875,0.3379364973684889,-1.1615575103948537,-1.442266994873957,146.79259083342245,0.0,0.0,-1.442266994873957,146.79259083342245,-1.442266994873957,146.79259083342245,,,,,153.4016876220703,12.209697723388672,177.10984802246094,132.48065185546875,0.3379364973684889,-1.1615575103948537,153.4016876220703,12.209697723388672,177.10984802246094,132.48065185546875,0.3379364973684889,-1.1615575103948537,0.0,0.0,0.0,0.0,0.0,0.0,0.0,0.0,0.0,0.0,0.0,0.0,0.0,0.0,0.0,0.0,0.0,0.0,0.0,0.0,0.0,0.0,0.0,0.0,0.0,0.0,0.0,0.0,0.0,0.0,0.0,0.0,0.0,0.0,0.0,0.0,0.0,0.0,0.0,0.0,0.0,0.0,0.0,0.0,0.0,0.0,0.0,0.0,0.0,0.0,0.0,0.0,0.0,0.0,0.0,0.0,0.0,0.0,0.0,0.0,0.0,0.0,0.0,0.0,0.0,0.0,0.0,0.0,0.0,0.0,0.0,0.0,0.0,AVPEPUDEAC0044_e.wav
141.78204345703125,17.71363639831543,179.7816925048828,109.36570739746094,-0.12964305883240967,-1.138509725978683,4.219173925825822,301.7236930454329,0.0,0.0,4.219173925825822,301.7236930454329,4.219173925825822,301.7236930454329,,,,,141.78204345703125,17.71363639831543,179.7816925048828,109.36570739746094,-0.12964305883240967,-1.138509725978683,141.78204345703125,17.71363639831543,179.7816925048828,109.36570739746094,-0.12964305883240967,-1.138509725978683,0.0,0.0,0.0,0.0,0.0,0.0,0.0,0.0,0.0,0.0,0.0,0.0,0.0,0.0,0.0,0.0,0.0,0.0,0.0,0.0,0.0,0.0,0.0,0.0,0.0,0.0,0.0,0.0,0.0,0.0,0.0,0.0,0.0,0.0,0.0,0.0,0.0,0.0,0.0,0.0,0.0,0.0,0.0,0.0,0.0,0.0,0.0,0.0,0.0,0.0,0.0,0.0,0.0,0.0,0.0,0.0,0.0,0.0,0.0,0.0,0.0,0.0,0.0,0.0,0.0,0.0,0.0,0.0,0.0,0.0,0.0,0.0,0.0,AVPEPUDEAC0045_e.wav
147.0038299560547,9.087702751159668,157.2006378173828,109.11211395263672,-1.8547548967756247,4.2425150056057435,-3.6429607281157166,72.56661427664655,0.0,0.0,-3.6429607281157166,72.56661427664655,-3.6429607281157166,72.56661427664655,,,,,147.0038299560547,9.087702751159668,157.2006378173828,109.11211395263672,-1.8547548967756247,4.2425150056057435,147.0038299560547,9.087702751159668,157.2006378173828,109.11211395263672,-1.8547548967756247,4.2425150056057435,0.0,0.0,0.0,0.0,0.0,0.0,0.0,0.0,0.0,0.0,0.0,0.0,0.0,0.0,0.0,0.0,0.0,0.0,0.0,0.0,0.0,0.0,0.0,0.0,0.0,0.0,0.0,0.0,0.0,0.0,0.0,0.0,0.0,0.0,0.0,0.0,0.0,0.0,0.0,0.0,0.0,0.0,0.0,0.0,0.0,0.0,0.0,0.0,0.0,0.0,0.0,0.0,0.0,0.0,0.0,0.0,0.0,0.0,0.0,0.0,0.0,0.0,0.0,0.0,0.0,0.0,0.0,0.0,0.0,0.0,0.0,0.0,0.0,AVPEPUDEAC0046_e.wav
180.02366638183594,25.70090675354004,232.69491577148438,142.23818969726562,0.5441562912218438,-0.9474476198112192,4.7765462053888275,657.1228675954121,0.0,0.0,4.7765462053888275,657.1228675954121,4.7765462053888275,657.1228675954121,,,,,180.02366638183594,25.70090675354004,232.69491577148438,142.23818969726562,0.5441562912218438,-0.9474476198112192,180.02366638183594,25.70090675354004,232.69491577148438,142.23818969726562,0.5441562912218438,-0.9474476198112192,0.0,0.0,0.0,0.0,0.0,0.0,0.0,0.0,0.0,0.0,0.0,0.0,0.0,0.0,0.0,0.0,0.0,0.0,0.0,0.0,0.0,0.0,0.0,0.0,0.0,0.0,0.0,0.0,0.0,0.0,0.0,0.0,0.0,0.0,0.0,0.0,0.0,0.0,0.0,0.0,0.0,0.0,0.0,0.0,0.0,0.0,0.0,0.0,0.0,0.0,0.0,0.0,0.0,0.0,0.0,0.0,0.0,0.0,0.0,0.0,0.0,0.0,0.0,0.0,0.0,0.0,0.0,0.0,0.0,0.0,0.0,0.0,0.0,AVPEPUDEAC0047_e.wav
170.9399871826172,14.271190643310547,193.49826049804688,124.37174987792969,-0.5842722134269765,-0.1228154833856645,-10.195238972503333,79.24722714399655,0.0,0.0,-10.195238972503333,79.24722714399655,-10.195238972503333,79.24722714399655,,,,,170.9399871826172,14.271190643310547,193.49826049804688,124.37174987792969,-0.5842722134269765,-0.1228154833856645,170.9399871826172,14.271190643310547,193.49826049804688,124.37174987792969,-0.5842722134269765,-0.1228154833856645,0.0,0.0,0.0,0.0,0.0,0.0,0.0,0.0,0.0,0.0,0.0,0.0,0.0,0.0,0.0,0.0,0.0,0.0,0.0,0.0,0.0,0.0,0.0,0.0,0.0,0.0,0.0,0.0,0.0,0.0,0.0,0.0,0.0,0.0,0.0,0.0,0.0,0.0,0.0,0.0,0.0,0.0,0.0,0.0,0.0,0.0,0.0,0.0,0.0,0.0,0.0,0.0,0.0,0.0,0.0,0.0,0.0,0.0,0.0,0.0,0.0,0.0,0.0,0.0,0.0,0.0,0.0,0.0,0.0,0.0,0.0,0.0,0.0,AVPEPUDEAC0048_e.wav
149.87490844726562,12.470144271850586,178.89492797851562,127.76551818847656,0.006708969064657765,-0.9850019875524354,4.118458632774728,129.2477710558372,0.0,0.0,4.118458632774728,129.2477710558372,4.118458632774728,129.2477710558372,,,,,149.87490844726562,12.470144271850586,178.89492797851562,127.76551818847656,0.006708969064657765,-0.9850019875524354,149.87490844726562,12.470144271850586,178.89492797851562,127.76551818847656,0.006708969064657765,-0.9850019875524354,0.0,0.0,0.0,0.0,0.0,0.0,0.0,0.0,0.0,0.0,0.0,0.0,0.0,0.0,0.0,0.0,0.0,0.0,0.0,0.0,0.0,0.0,0.0,0.0,0.0,0.0,0.0,0.0,0.0,0.0,0.0,0.0,0.0,0.0,0.0,0.0,0.0,0.0,0.0,0.0,0.0,0.0,0.0,0.0,0.0,0.0,0.0,0.0,0.0,0.0,0.0,0.0,0.0,0.0,0.0,0.0,0.0,0.0,0.0,0.0,0.0,0.0,0.0,0.0,0.0,0.0,0.0,0.0,0.0,0.0,0.0,0.0,0.0,AVPEPUDEAC0049_e.wav
167.7141876220703,8.726713180541992,189.24078369140625,133.76548767089844,-0.3751004303722163,0.7456860655350743,0.5816437830975644,74.72231054610606,0.0,0.0,0.5816437830975644,74.72231054610606,0.5816437830975644,74.72231054610606,,,,,167.7141876220703,8.726713180541992,189.24078369140625,133.76548767089844,-0.3751004303722163,0.7456860655350743,167.7141876220703,8.726713180541992,189.24078369140625,133.76548767089844,-0.3751004303722163,0.7456860655350743,0.0,0.0,0.0,0.0,0.0,0.0,0.0,0.0,0.0,0.0,0.0,0.0,0.0,0.0,0.0,0.0,0.0,0.0,0.0,0.0,0.0,0.0,0.0,0.0,0.0,0.0,0.0,0.0,0.0,0.0,0.0,0.0,0.0,0.0,0.0,0.0,0.0,0.0,0.0,0.0,0.0,0.0,0.0,0.0,0.0,0.0,0.0,0.0,0.0,0.0,0.0,0.0,0.0,0.0,0.0,0.0,0.0,0.0,0.0,0.0,0.0,0.0,0.0,0.0,0.0,0.0,0.0,0.0,0.0,0.0,0.0,0.0,0.0,AVPEPUDEAC0050_e.wav
117.96754455566406,8.111854553222656,129.9944610595703,104.0060806274414,-0.07526286700043221,-1.5778911314710746,0.6834095026841804,65.44012350160877,0.0,0.0,0.6834095026841804,65.44012350160877,0.6834095026841804,65.44012350160877,,,,,117.96754455566406,8.111854553222656,129.9944610595703,104.0060806274414,-0.07526286700043221,-1.5778911314710746,117.96754455566406,8.111854553222656,129.9944610595703,104.0060806274414,-0.07526286700043221,-1.5778911314710746,0.0,0.0,0.0,0.0,0.0,0.0,0.0,0.0,0.0,0.0,0.0,0.0,0.0,0.0,0.0,0.0,0.0,0.0,0.0,0.0,0.0,0.0,0.0,0.0,0.0,0.0,0.0,0.0,0.0,0.0,0.0,0.0,0.0,0.0,0.0,0.0,0.0,0.0,0.0,0.0,0.0,0.0,0.0,0.0,0.0,0.0,0.0,0.0,0.0,0.0,0.0,0.0,0.0,0.0,0.0,0.0,0.0,0.0,0.0,0.0,0.0,0.0,0.0,0.0,0.0,0.0,0.0,0.0,0.0,0.0,0.0,0.0,0.0,AVPEPUDEAC0051_e.wav
142.81674194335938,8.593807220458984,160.79226684570312,127.74454498291016,-0.17582487618927414,-1.6334677044903452,-0.1168866575286795,73.81970081030465,0.0,0.0,-0.1168866575286795,73.81970081030465,-0.1168866575286795,73.81970081030465,,,,,142.81674194335938,8.593807220458984,160.79226684570312,127.74454498291016,-0.17582487618927414,-1.6334677044903452,142.81674194335938,8.593807220458984,160.79226684570312,127.74454498291016,-0.17582487618927414,-1.6334677044903452,0.0,0.0,0.0,0.0,0.0,0.0,0.0,0.0,0.0,0.0,0.0,0.0,0.0,0.0,0.0,0.0,0.0,0.0,0.0,0.0,0.0,0.0,0.0,0.0,0.0,0.0,0.0,0.0,0.0,0.0,0.0,0.0,0.0,0.0,0.0,0.0,0.0,0.0,0.0,0.0,0.0,0.0,0.0,0.0,0.0,0.0,0.0,0.0,0.0,0.0,0.0,0.0,0.0,0.0,0.0,0.0,0.0,0.0,0.0,0.0,0.0,0.0,0.0,0.0,0.0,0.0,0.0,0.0,0.0,0.0,0.0,0.0,0.0,AVPEPUDEAC0052_e.wav
166.51963806152344,14.454095840454102,194.96792602539062,135.3969268798828,0.43431477425818715,-1.0309115917521414,-13.762086847911874,159.47619172345878,0.0,0.0,-13.762086847911874,159.47619172345878,-13.762086847911874,159.47619172345878,,,,,166.51963806152344,14.454095840454102,194.96792602539062,135.3969268798828,0.43431477425818715,-1.0309115917521414,166.51963806152344,14.454095840454102,194.96792602539062,135.3969268798828,0.43431477425818715,-1.0309115917521414,0.0,0.0,0.0,0.0,0.0,0.0,0.0,0.0,0.0,0.0,0.0,0.0,0.0,0.0,0.0,0.0,0.0,0.0,0.0,0.0,0.0,0.0,0.0,0.0,0.0,0.0,0.0,0.0,0.0,0.0,0.0,0.0,0.0,0.0,0.0,0.0,0.0,0.0,0.0,0.0,0.0,0.0,0.0,0.0,0.0,0.0,0.0,0.0,0.0,0.0,0.0,0.0,0.0,0.0,0.0,0.0,0.0,0.0,0.0,0.0,0.0,0.0,0.0,0.0,0.0,0.0,0.0,0.0,0.0,0.0,0.0,0.0,0.0,AVPEPUDEAC0053_e.wav
198.8365936279297,34.7578010559082,233.04360961914062,95.80433654785156,-2.1856925186135134,3.8741005615019777,-1.7058521554962924,1204.9620269323837,0.0,0.0,-1.7058521554962924,1204.9620269323837,-1.7058521554962924,1204.9620269323837,,,,,198.8365936279297,34.7578010559082,233.04360961914062,95.80433654785156,-2.1856925186135134,3.8741005615019777,198.8365936279297,34.7578010559082,233.04360961914062,95.80433654785156,-2.1856925186135134,3.8741005615019777,0.0,0.0,0.0,0.0,0.0,0.0,0.0,0.0,0.0,0.0,0.0,0.0,0.0,0.0,0.0,0.0,0.0,0.0,0.0,0.0,0.0,0.0,0.0,0.0,0.0,0.0,0.0,0.0,0.0,0.0,0.0,0.0,0.0,0.0,0.0,0.0,0.0,0.0,0.0,0.0,0.0,0.0,0.0,0.0,0.0,0.0,0.0,0.0,0.0,0.0,0.0,0.0,0.0,0.0,0.0,0.0,0.0,0.0,0.0,0.0,0.0,0.0,0.0,0.0,0.0,0.0,0.0,0.0,0.0,0.0,0.0,0.0,0.0,AVPEPUDEAC0054_e.wav
191.90980529785156,7.385848522186279,203.41014099121094,179.62794494628906,-0.04701138766203215,-1.5193264460540303,0.38978031151097753,54.495984384241034,0.0,0.0,0.38978031151097753,54.495984384241034,0.38978031151097753,54.495984384241034,,,,,191.90980529785156,7.385848522186279,203.41014099121094,179.62794494628906,-0.04701138766203215,-1.5193264460540303,191.90980529785156,7.385848522186279,203.41014099121094,179.62794494628906,-0.04701138766203215,-1.5193264460540303,0.0,0.0,0.0,0.0,0.0,0.0,0.0,0.0,0.0,0.0,0.0,0.0,0.0,0.0,0.0,0.0,0.0,0.0,0.0,0.0,0.0,0.0,0.0,0.0,0.0,0.0,0.0,0.0,0.0,0.0,0.0,0.0,0.0,0.0,0.0,0.0,0.0,0.0,0.0,0.0,0.0,0.0,0.0,0.0,0.0,0.0,0.0,0.0,0.0,0.0,0.0,0.0,0.0,0.0,0.0,0.0,0.0,0.0,0.0,0.0,0.0,0.0,0.0,0.0,0.0,0.0,0.0,0.0,0.0,0.0,0.0,0.0,0.0,AVPEPUDEAC0057_e.wav
